Id;Nombre;Apellido1;Apellido 2;Sexo;Usuario;ContraseÒa;Correo;Nacimiento;Divorcio;NumeroLikesRecibidos
1;Rafael;De Pedro;PeÒa;H;depedro9;[je4Wg34BEv7qSh;depedro9@mail.com;3/02/1970;No Aplica;11
2;Ramon;DueÒas;Cruz;H;rdueÒas;"&Y}tuFfU;R4T?fK";rdueÒas@correo.es;13/02/1943;No Aplica;19
3;Carlos;Vega;Hernandez;H;vega57;MK}4g,kYG@5Dc*d;vega57@email.com;26/05/1947;No Aplica;29
4;Antonio;Barragan;Zarza;H;antbarragan51;w5{Xaakp[bRF/*[;antbarragan51@correo.es;28/07/1940;No Aplica;23
5;Maria Josefa;Ramos;Gargallo;M;marramos;2{p[XBkr[WqNZRX;marramos@email.es;12/09/1947;NO;1
6;Juan Jose;Estebanez;CaamaÒo;H;juanjoseestebanez40;rGy.R#+xGj}ecWe;juanjoseestebanez40@email.es;4/08/1943;No Aplica;72
7;Maria Teresa;Perea;Pulido;M;mar.perea;#@n3Qb?yGn*S5hi;mar.perea@email.com;12/09/1936;SI;4
8;David;Manjon;Fernandez;H;david.manjon;";xKCf}ZaJB}__N&";david.manjon@mail.net;2/04/1960;No Aplica;85
9;Pedro;Cueva;Gras;H;cueva55;@.ZSa{/[WX?Pzb};cueva55@email.es;28/02/1991;No Aplica;3
10;Alberto;Gonzalez;Luna;H;gonzalez93;ZqiXD@Yp?Ay6+P.;gonzalez93@email.es;6/09/1973;No Aplica;62
11;Laura;Navarro;Valle;M;l.navarro;"9S.k;ePBB?)d8r#";l.navarro@mail.es;16/10/1941;NO;33
12;Carlos;Del Rio;Gonzalez;H;carlos.delrio;"xxf7ZKN-Wu;TS$q";carlos.delrio@correo.es;7/04/1981;No Aplica;11
13;Luis;MuÒoz;Molina;H;luimuÒoz;S_:vAF!H,z.*&MM;luimuÒoz@mail.net;1/10/1943;No Aplica;44
14;Jose Manuel;Jaen;Cascales;H;josjaen;j[nVqVcYYgGE)7X;josjaen@mail.com;1/02/1936;No Aplica;41
15;Carmen;Polo;Herrera;M;carmenpolo;"r{EHH!K;V:V)Kg=";carmenpolo@correo.com;7/03/1942;NO;3
16;Rocio;Dimitrov;Garcia;M;dimitrov97;"Nz7tzqdnGLi#;=(";dimitrov97@mail.com;16/01/1998;SI;87
17;Pilar;Varela;Garcia;M;pvarela;q-Za.R)C/Y4z$fS;pvarela@correo.net;19/02/1944;SI;57
18;Manuel;Diaz;Iglesias;H;manueldiaz12;AgQkPS,3wg$GYTX;manueldiaz12@mail.es;22/10/1942;No Aplica;93
19;Maria;Rama;Gil;M;mrama;L=y&+HbiFMPpha%;mrama@mail.com;12/08/1955;SI;63
20;aÅngel;Estrella;Bermejo;H;angelestrella55;uM$/]Wv8WPAGpCz;angelestrella55@email.net;11/09/1982;No Aplica;87
21;Jose Luis;MuÒiz;Carranza;H;muÒiz84;jjZJ{SQDSQtMv={;muÒiz84@correo.net;11/10/1960;No Aplica;53
22;Maria Teresa;Garcia;Noguera;M;mar.garcia;"%iitRf3L;QVZrCG";mar.garcia@correo.com;26/11/1965;SI;97
23;Inmaculada;Nieves;Suarez;M;inmnieves;:&=T-Tb:hHM*hjU;inmnieves@mail.com;23/10/1963;NO;81
24;Diego;Julian;Flores;H;diegojulian37;2iVy!j#?*N&&:5];diegojulian37@mail.com;20/06/1974;No Aplica;59
25;Jose Luis;Morales;Puertas;H;josmorales;!x-,iDPkq6GXhA9;josmorales@mail.net;12/07/1998;No Aplica;84
26;Maria aÅngeles;Miras;Castellanos;M;mmiras;X$3umv=rk*[rA(k;mmiras@email.com;7/08/1965;NO;54
27;Alejandro;Duran;Fernandez;H;duran68;)!hqP_XS#{LScbw;duran68@correo.es;16/10/1941;No Aplica;33
28;Antonio;Rodriguez;Hernandez;H;antonio.rodriguez;Q&9uX=J)nM69PX,;antonio.rodriguez@mail.es;14/07/1998;No Aplica;59
29;Carlos;Rodriguez;Fernandez;H;crodriguez64;"5%K@tG:;{J_n+jJ";crodriguez64@email.net;27/12/1971;No Aplica;50
30;Maria aÅngeles;Fernandez;Hernandez;M;mariaangelesfernandez;(-AjK/vh#SkrQg];mariaangelesfernandez@email.com;5/01/1987;NO;55
31;Javier;Gutierrez;Alvarado;H;javiergutierrez24;g},{rQeGv4tzM+[;javiergutierrez24@email.net;26/11/1988;No Aplica;66
32;Isabel;Diaz;Rusu;M;isabeldiaz;dE8gR]H6Q+Z#9mh;isabeldiaz@email.net;13/10/1985;SI;57
33;Antonio;Quintana;Gil;H;aquintana61;Tz$m&rTJg!+@_CM;aquintana61@email.net;25/09/1936;No Aplica;44
34;Maria Carmen;Puebla;Sanchez;M;mpuebla;",6F@K3S[b.pw;!!";mpuebla@email.com;8/04/1983;NO;69
35;Josefa;Gomez;Garcia;M;gomez30;}pmYkf?uGv)?%YD;gomez30@mail.com;14/08/1982;SI;91
36;Milagros;Lopez;CaÒas;M;milagroslopez;G%u6SafJfDNHSP2;milagroslopez@correo.com;14/07/1940;NO;27
37;Juana;Pelaez;Zorrilla;M;juanapelaez;+R!9pVMAw8MN4jU;juanapelaez@mail.com;5/05/1994;SI;38
38;Lucia;Carretero;Dominguez;M;luciacarretero;Tn{x=z$x5mthqyk;luciacarretero@mail.es;1/09/1995;SI;81
39;Maria Isabel;Saiz;Martin;M;saiz25;";=;t#r:nbweR%jT";saiz25@correo.com;10/09/1995;NO;71
40;Maria Dolores;Sanchez;Sanchez;M;mariadoloressanchez;Ez/My]nqwVJJZe&;mariadoloressanchez@correo.net;20/11/1957;NO;38
41;Milagros;MuÒiz;Rubio;M;mmuÒiz35;+LXikc6c2,mA7MJ;mmuÒiz35@email.es;9/08/1958;NO;47
42;Manuel;Arellano;Solis;H;manuelarellano;&zHgVj}P.AJ7XRW;manuelarellano@mail.es;27/10/1964;No Aplica;32
43;Jose Luis;Martinez;Cruces;H;martinez74;/CG+2G*H]2)JtU_;martinez74@mail.com;20/07/1974;No Aplica;71
44;Vicente;Garcia;Esteban;H;garcia24;nzdvJM3:UwXMfZ@;garcia24@correo.com;29/07/1971;No Aplica;61
45;Maria;Barroso;Perez;M;mar.barroso;H4/:NcF@6#+5kR8;mar.barroso@correo.es;17/02/1964;SI;69
46;Mercedes;Gonzalez;Agaºera;M;mergonzalez;3?uD&e22g+[%8]B;mergonzalez@email.es;14/07/1954;NO;76
47;Catalina;Arrizabalaga;Bosch;M;catalinaarrizabalaga54;ZMFauL7NR$cCG}i;catalinaarrizabalaga54@correo.net;3/12/1943;SI;76
48;Miguel aÅngel;Trinidad;Moreno;H;miguelangel.trinidad;9zn=bW:!_/e#?WX;miguelangel.trinidad@email.es;18/01/1994;No Aplica;20
49;Rafael;OrdoÒez;Gaspar;H;rafordoÒez;+Uj5Y$G*6g6_!Cr;rafordoÒez@mail.es;1/11/1963;No Aplica;57
50;Maria Carmen;Gonzalez;Gomez;M;gonzalez77;fb?*mV32XNt=Pvb;gonzalez77@correo.net;11/12/1969;SI;96
51;Ana Maria;Perez;Pose;M;anperez;)kxKMHuJh]W,%}a;anperez@email.es;31/03/1970;NO;52
52;Maria Mar;Ribas;Gomez;M;marribas;]v6(DrV.{3-#UYY;marribas@correo.net;24/03/1942;NO;91
53;aÅlvaro;Garcia;Sanchez;H;alv.garcia;+dNerBh.YYN-7Cc;alv.garcia@correo.com;3/03/1991;No Aplica;60
54;Miguel aÅngel;Bayona;Piris;H;miguebayona;ZC{5*d}6)xxe?pa;miguebayona@email.net;7/09/1953;No Aplica;6
55;Rocio;Jimenez;Cortes;M;r.jimenez;c${:M[{Mb-3+X,W;r.jimenez@correo.net;17/02/1939;NO;28
56;Salvador;Aguilar;Reyes;H;salvadoraguilar;";KC)USZUWP;Kzcv";salvadoraguilar@correo.net;15/02/1935;No Aplica;11
57;Isabel;Perez;Salinas;M;isaperez;"-=BUTJE)&[pn;Mg";isaperez@mail.es;3/03/1936;NO;66
58;Ana Maria;Andreu;Pitarch;M;andreu53;pTiXu({2#}_cLEe;andreu53@mail.net;24/04/1987;NO;76
59;Josefa;Juarez;Curiel;M;juarez71;)PE[J6xhyX::,Dx;juarez71@mail.net;16/12/1981;NO;2
60;Maria Teresa;Elizalde;Perez;M;marelizalde;Mg7Bj_!rch3)Nn8;marelizalde@email.es;9/07/1999;NO;6
61;Lucia;Moyano;Mercado;M;luciamoyano;,[3znWc(L2)nZ%q;luciamoyano@email.es;10/03/1973;SI;92
62;Manuel;Jover;Juarez;H;jover94;=z/&$n}vSB%b[3V;jover94@correo.net;22/11/1949;No Aplica;86
63;Maria Carmen;AÅlvarez;Rodriguez;M;alvarez15;.gaCthb+_te:_u};alvarez15@mail.es;25/11/1969;SI;22
64;Miguel aÅngel;Vega;Rodriguez;H;m.vega;r9bRYaW_h:z3]XV;m.vega@mail.net;5/07/1958;No Aplica;40
65;Maria Jose;Zapata;Gomez;M;mzapata1;hNtka6BEb}*i..U;mzapata1@email.es;27/10/2000;NO;66
66;Jose;Herrera;Lopez;H;j.herrera;UeQCmE:TQ%4y*)a;j.herrera@email.net;1/02/1976;No Aplica;94
67;Carmen;Fernandez;Romera;M;carfernandez12;"Bnr#Q;TaTMtMXAU";carfernandez12@mail.es;10/08/1954;SI;82
68;Antonio;AÅlvarez;Martinez;H;alvarez24;BmJxZcxK4i}k2*};alvarez24@email.com;20/06/1955;No Aplica;84
69;Antonia;Espinosa;Ramirez;M;ant.espinosa;&6:AAU?m6eyFJjk;ant.espinosa@email.es;25/03/1973;SI;92
70;aÅngel;Gaona;Zabala;H;angelgaona;u=)PPqwB].JY:e[;angelgaona@correo.com;29/11/1935;No Aplica;49
71;Francisco;Cruz;Garcia;H;fra.cruz;NPd2n.Q*%[Xckjw;fra.cruz@mail.net;14/12/1943;No Aplica;37
72;BegoÒa;Herrera;Lopez;M;begherrera59;=E:#6H+JG:g:g]9;begherrera59@correo.es;28/08/1976;SI;71
73;Juana;Nieto;Prieto;M;juanieto;rf6q_qmVE[6Ccu=;juanieto@email.es;15/08/1992;SI;89
74;Maria Pilar;CastaÒo;Palomino;M;mariapilarcastaÒo;"5tnA;L2M)T{N(Qc";mariapilarcastaÒo@email.net;9/02/1986;SI;45
75;Isabel;Santiago;Navarro;M;isabelsantiago;}EAfprkxa7?c=G@;isabelsantiago@email.es;19/12/1990;NO;87
76;Julia;Lopez;Hernandez;M;jlopez;HVQFCuxk!R29}aJ;jlopez@email.es;17/07/1942;NO;82
77;Monica;Ortiz;Navas;M;ortiz98;(UHTt?wZmYD2A#(;ortiz98@mail.net;13/04/1946;NO;74
78;Antonio;Fernandez;Jimenez;H;antoniofernandez74;#pC}Vg/u.#gw4cG;antoniofernandez74@email.net;23/08/1976;No Aplica;29
79;Francisco;Velazquez;Gimeno;H;f.velazquez;{g%e=G#AKc_&V}i;f.velazquez@mail.es;8/06/1960;No Aplica;83
80;Maria Carmen;Perez;Segarra;M;marperez81;+W}SS@iU(c=wX2h;marperez81@email.net;26/08/1945;SI;56
81;Maria Carmen;Pintos;Egea;M;pintos5;6zbEubLYa&iX4m!;pintos5@email.net;1/03/1986;NO;56
82;Antonio;Conde;Carpintero;H;conde96;d9/mxyD@vvc7qC?;conde96@correo.es;2/09/1957;No Aplica;96
83;Juan;Tejeda;Ferrero;H;tejeda93;LZiNXjj4?5(+TM_;tejeda93@correo.com;24/02/1991;No Aplica;78
84;aÅngel;Jimenez;Martin;H;angjimenez;A[GHx.xRUw/9Qrh;angjimenez@correo.com;7/07/1961;No Aplica;43
85;Josefa;Rico;Ripoll;M;josrico49;KxV:h!dz}D}6!_U;josrico49@correo.es;29/12/1989;SI;17
86;Jose Luis;Guijarro;Robles;H;guijarro54;"d}w%)BREvFp;djK";guijarro54@correo.es;18/04/1948;No Aplica;37
87;Francisco;Salinas;Pons;H;fra.salinas;6dN9br=,7e%#vm=;fra.salinas@email.es;21/11/1949;No Aplica;92
88;Francisco;Leiva;Cano;H;franciscoleiva;_=B,j@uG5HMUSmv;franciscoleiva@email.com;2/06/1964;No Aplica;69
89;Jose Luis;Osorio;Suarez;H;jososorio;3pS#7*g&QuZEGgh;jososorio@email.net;21/02/1980;No Aplica;37
90;Antonia;Fernandez;Sanchez;M;antfernandez;CK4/Bf)m3}RL!)3;antfernandez@mail.com;19/06/1968;SI;54
91;Maria Pilar;Bejarano;Requena;M;mbejarano34;]BdU7h@)H9mw64W;mbejarano34@mail.net;21/04/1997;SI;26
92;Carmen;Blanca;Gonzalez;M;blanca30;@3dc=Jdyv6FJv#Z;blanca30@email.com;12/10/1975;SI;59
93;Teresa;Calle;Arribas;M;tcalle80;@bW4+DJu(9RKzeB;tcalle80@correo.net;15/08/1944;NO;79
94;Rosa Maria;Merino;Jimenez;M;rmerino;ZH:N}q&S-mCMt#D;rmerino@mail.net;27/03/1954;SI;26
95;Rosa Maria;Reina;Alonso;M;rosreina;.?D8PHCk%BFJj6];rosreina@mail.net;17/01/1962;NO;78
96;Cristina;Ilie;Sanchez;M;cristinailie;BEHa8+.}(StJzDF;cristinailie@mail.net;29/12/1998;NO;58
97;Juan Carlos;Sanmartin;Valdivia;H;jsanmartin;JxmE3ceP:tVwT3i;jsanmartin@mail.es;5/10/1944;No Aplica;66
98;Santiago;Ares;Riba;H;santiagoares65;RDH[SHpTg)LtY:f;santiagoares65@correo.com;28/05/1960;No Aplica;75
99;Juan;Santos;Sanchez;H;jua.santos;-$CguNg%2y,QP9E;jua.santos@correo.net;12/11/1958;No Aplica;3
100;Francisca;Sola;Martin;M;frasola;(b#+8e8Rb[QUuX@;frasola@correo.com;6/03/1994;NO;81
101;Jose Antonio;Jimenez;Gonzalez;H;joseantoniojimenez;-PZGgk?.nS]2vTy;joseantoniojimenez@correo.com;24/12/1946;No Aplica;99
102;Jose;Llorens;Perez;H;llorens76;jCf?9)J+4e]CRBJ;llorens76@mail.net;6/04/1994;No Aplica;77
103;Rosa;Ribas;Paez;M;ribas57;9M*pVY$#?+vJKR!;ribas57@correo.net;21/06/1978;NO;8
104;Jose Maria;Garmendia;Lopez;H;garmendia19;!u%852N2MRpd:b#;garmendia19@mail.es;28/02/1965;No Aplica;26
105;Maria Dolores;Valle;Lopez;M;mariadolores.valle;4vR%uSe,EXBrxdT;mariadolores.valle@email.com;20/05/2001;NO;13
106;Francisco Javier;Cuesta;Rivero;H;franciscojavier.cuesta;ENR4i6VPZ%}f/.S;franciscojavier.cuesta@email.com;6/02/1969;No Aplica;18
107;Alejandro;Parejo;Domingo;H;aleparejo;7##E8T2XCd#8djC;aleparejo@mail.net;20/08/1994;No Aplica;43
108;Maria Antonia;Martinez;Reverte;M;marmartinez;PJr,VnSbT-x-N46;marmartinez@email.com;5/11/1951;SI;26
109;Laura;Castillo;Saavedra;M;lcastillo;brnUe5C&R}}q{B*;lcastillo@email.com;17/09/1950;SI;51
110;aÅngel;Rodriguez;Hernandez;H;angel.rodriguez;Nmw,ry:Zp-9zN}c;angel.rodriguez@email.es;6/12/1979;No Aplica;32
111;Juan Antonio;Exposito;Leon;H;jua.exposito;ZBdZ:HkL(Ye+:x8;jua.exposito@email.com;13/07/1967;No Aplica;21
112;Isabel;Garcia;Jordan;M;isabel.garcia;RwHjg+HzpG!G:Rp;isabel.garcia@correo.es;7/03/1961;SI;63
113;Carlos;Murillo;Carceles;H;cmurillo67;g&{g%j*7($56gR,;cmurillo67@correo.com;30/08/1965;No Aplica;92
114;Juan Carlos;Barranco;Gomez;H;jua.barranco;%+C7@}XyTRi-!g);jua.barranco@mail.com;5/03/1944;No Aplica;73
115;Francisco;Frances;Pereira;H;ffrances;C6iA7U}$YbM)R$m;ffrances@email.com;5/01/1954;No Aplica;64
116;David;Rodriguez;Duran;H;davrodriguez;"Y=Mkdhwq;8.*gxz";davrodriguez@correo.es;23/04/1948;No Aplica;8
117;Maria Carmen;Millan;Angulo;M;marmillan;{@zvj/5TD!,jmwk;marmillan@email.com;31/08/1954;NO;87
118;Maria;Alonso;Lopez;M;maralonso44;wT9#Tav!X,Hd+*H;maralonso44@email.es;28/07/1974;SI;22
119;Carmen;Carranza;Lopez;M;carmen.carranza;x@TAW8ExLy/X(mQ;carmen.carranza@email.net;1/10/1995;NO;3
120;Maria Josefa;Ruiz;Hernandez;M;m.ruiz;iue#YqaR@4mKf6b;m.ruiz@correo.es;16/12/1963;SI;31
121;Maria Carmen;Garcia;Prieto;M;mgarcia;.?{K4Q3uv[uT@Dq;mgarcia@mail.es;9/06/1969;NO;4
122;Maria Jose;Bello;Barquero;M;mbello;bnmYB58$d6WVJB&;mbello@email.net;30/06/1988;SI;66
123;Ramon;Carril;Ramos;H;rcarril;[d(=kqcQp.b8MAn;rcarril@mail.com;11/03/1946;No Aplica;22
124;Maria Jose;Gonzalez;Osorio;M;margonzalez;3959/-zUikUWi6i;margonzalez@email.com;1/04/1975;SI;97
125;Vicente;Ruiz;Andreu;H;ruiz96;$F/HVC*$pZhBJUM;ruiz96@email.es;21/02/1936;No Aplica;14
126;Pilar;Lujan;Campos;M;plujan;pq/4=Cmuu$e7w5&;plujan@email.com;16/08/1999;NO;92
127;Jose Luis;Amoros;Lopez;H;joseluisamoros;{7w,Hy@HxJ)Xbkv;joseluisamoros@mail.net;16/02/1975;No Aplica;53
128;Maria Dolores;Hernando;CastaÒeda;M;marhernando;bpfanTdQZaJPRa@;marhernando@email.es;5/04/1992;SI;58
129;Ainhoa;Torres;Macias;M;aintorres;VBpazwRSvF*.nC3;aintorres@email.com;28/07/1966;SI;7
130;Mercedes;Martin;Diaz;M;mermartin;5vURzv5AS_uh}6U;mermartin@email.com;1/06/1994;NO;98
131;Raul;Catala;Hernandez;H;raucatala;q*,zXM[R/!Mj#R6;raucatala@mail.com;24/07/1995;No Aplica;100
132;Maria Pilar;Gomez;Alonso;M;gomez13;Lih&cSE+6Dx}=X+;gomez13@mail.com;4/07/1975;NO;56
133;Andrea;Fernandez;Sancho;M;andfernandez;";VJh$[=M6?,D)NG";andfernandez@mail.es;12/07/1974;SI;57
134;Teresa;AÅlvarez;Costa;M;talvarez;zRqDc_Yz6]Me%Ak;talvarez@email.net;5/08/1991;NO;73
135;Sergio;Gonzalez;Moyano;H;sergiogonzalez;%Qca_rae$BjNbdh;sergiogonzalez@correo.net;7/09/1977;No Aplica;75
136;Jose;Garcia;Ballesteros;H;jgarcia;R?W-=R$_7yHn:2#;jgarcia@email.com;2/07/1969;No Aplica;29
137;Sergio;Losada;Espinosa;H;s.losada;C%pW3UEuwXV:QS*;s.losada@correo.es;1/07/1943;No Aplica;20
138;Alfonso;Julian;Centeno;H;julian39;7V?5]axZ#vGPPU_;julian39@correo.net;9/07/1984;No Aplica;46
139;aÅlvaro;Diaz;Valero;H;alvarodiaz;Z)#qQ&ygFg(H4*R;alvarodiaz@correo.es;13/06/1951;No Aplica;1
140;aÅngel;AÅlvarez;Heredia;H;aalvarez;%Tpc2p*vRN$qwP.;aalvarez@mail.com;26/04/1961;No Aplica;95
141;Miguel;MuÒoz;Sanchez;H;mmuÒoz;]:ND+]j3ED_wr&K;mmuÒoz@email.com;14/11/1974;No Aplica;45
142;Josefa;Bernardez;Garcia;M;j.bernardez;@3+?y7c2D/iXCqx;j.bernardez@email.es;10/11/1993;SI;81
143;Miguel;Roca;Alba;H;mroca;[Xz9v(NJZqw59ue;mroca@correo.es;28/10/1937;No Aplica;12
144;Natalia;Nieto;Martinez;M;natalianieto;";e%TDv$u@iv*?qW";natalianieto@email.com;4/08/1939;SI;30
145;Maria Isabel;Elena;OcaÒa;M;m.elena;mA+jTD3*WFbm*M];m.elena@email.com;8/07/1996;NO;1
146;Marta;Lopez;Mendoza;M;mlopez12;"{#D;}jc]Q6&+zZ=";mlopez12@mail.es;30/07/1937;NO;54
147;Antonio;Neira;Diaz;H;a.neira;"naCZ#YFv4/;(}.U";a.neira@mail.es;29/01/1972;No Aplica;90
148;Miguel aÅngel;Sanchez;Gonzalez;H;msanchez;Z.x9&WKWU(3D&}a;msanchez@mail.es;9/08/1986;No Aplica;91
149;Pilar;Robles;Vila;M;robles90;r/Dr$:W:aaEt3,G;robles90@email.com;1/02/1944;SI;77
150;Antonia;Casal;Gomez;M;antoniacasal;udc_83G@PS54jYg;antoniacasal@correo.net;29/03/1936;SI;95
151;Juan Jose;Godoy;Roca;H;jgodoy;HdWkE8?(H?zZCub;jgodoy@correo.net;20/07/1936;No Aplica;85
152;Maria Pilar;Navarro;Almendros;M;marinavarro;n&#C/mw.&tgPGGQ;marinavarro@email.com;18/12/1963;SI;62
153;Maria Dolores;UreÒa;Pena;M;mariadolores.ureÒa;8q%/+2*VKjK(kbx;mariadolores.ureÒa@email.com;30/07/1992;SI;90
154;Maria Rosario;Peralta;Hernandez;M;mperalta;-4?Z-Sr%yRt6r2#;mperalta@email.com;5/04/1949;NO;98
155;Monica;Castillo;Parraga;M;monicacastillo;]7[=S2HezXv5p8{;monicacastillo@correo.es;30/05/1978;SI;21
156;Maria Luisa;Del Rio;Gomez;M;marialuisade;"Ag{h;Z84*Syq,G$";marialuisade@mail.com;27/04/1961;SI;52
157;Jose;Cortes;Fernandez;H;jcortes;";F6Sie}L,)6*G}i";jcortes@mail.net;27/07/1969;No Aplica;57
158;Marta;Marcos;Viejo;M;marcos88;r+]u)e*+g[YZe,=;marcos88@correo.com;12/06/1956;SI;8
159;Rafael;Garcia;Marquez;H;rafaelgarcia78;NcvNS(@7=9CLi3T;rafaelgarcia78@mail.com;21/10/1946;No Aplica;91
160;Anna;Mera;Pizarro;M;anna.mera;PKYNy(+S?e*eSS$;anna.mera@mail.com;14/05/1983;NO;48
161;Jose Antonio;NuÒez;Garcia;H;jnuÒez;$(D[Wu3B6gjRkub;jnuÒez@correo.net;16/08/1962;No Aplica;12
162;Maria Carmen;Marin;Marrero;M;marmarin;gjmyJ8rP#{W.{G2;marmarin@mail.net;23/07/1961;NO;56
163;aÅngel;Merino;Mera;H;merino48;(,KCRm_!qk&{r=F;merino48@mail.net;15/11/1978;No Aplica;68
164;Maria Teresa;Huang;Pino;M;huang31;";6TuS=wC&wn!K3q";huang31@email.net;2/08/1984;NO;38
165;Maria;Georgiev;Tejada;M;georgiev89;"w]MMuM2DR-;Gfq{";georgiev89@mail.com;19/02/1964;NO;89
166;Mercedes;Gutierrez;Molina;M;gutierrez90;-7H$ZLexR)Yc8m9;gutierrez90@correo.com;25/01/1953;SI;66
167;Miguel;Cueto;MuÒoz;H;m.cueto;m!CGFhMbg)6vy/f;m.cueto@correo.com;28/07/1953;No Aplica;10
168;Francisco Javier;Sanchez;Castillo;H;sanchez55;Gb/ZiP8%tc@jE?:;sanchez55@email.com;22/09/1960;No Aplica;30
169;Marta;Del Castillo;Saavedra;M;de79;5(NxJqq?3K--v{,;de79@email.com;22/08/1986;SI;35
170;Rafael;Alonso;Barbero;H;alonso95;BWdhuQ/c)=]mEfB;alonso95@email.net;19/01/1979;No Aplica;43
171;Maria Pilar;Talavera;Escobar;M;maritalavera;"D;_?Len/qcpN9]6";maritalavera@mail.com;13/01/1954;SI;33
172;Javier;Cano;Ruiz;H;cano13;}bUQgJA:g]rSZk!;cano13@correo.es;21/05/1998;No Aplica;43
173;Maria Teresa;Barbero;Malo;M;barbero96;[:WRLi-&#&KE8?9;barbero96@email.com;23/06/1943;NO;66
174;Maria Carmen;Gomez;Herrero;M;mar.gomez;}u2Wue5uTLT%v:X;mar.gomez@email.com;9/05/1945;SI;51
175;Manuel;Ortiz;Sanchez;H;ortiz23;z%3i$D{XZU!nar};ortiz23@mail.com;4/02/1971;No Aplica;39
176;Maria Jose;Camacho;Ospina;M;maricamacho;Vp2%t6FZH:}n=JZ;maricamacho@mail.com;3/08/1937;SI;58
177;Rafaela;Perez;Bellon;M;rperez;uLB]Lnr@u_8.6r,;rperez@email.es;3/04/1980;NO;6
178;Joaquin;Vidal;Alvarado;H;joaquin.vidal;t7u$AcBgqpDx8yQ;joaquin.vidal@mail.com;30/08/1975;No Aplica;21
179;Alfonso;Padilla;Marques;H;alfonsopadilla52;a)%LdcpufLU&QJf;alfonsopadilla52@correo.com;8/03/1948;No Aplica;89
180;Josefa;Marques;Contreras;M;jmarques;ffJv7hVUgpKk[=%;jmarques@correo.com;1/08/1947;SI;97
181;Miguel aÅngel;Rubio;Lopez;H;migrubio;VxzD#cA9%*_M.6/;migrubio@correo.es;21/10/1969;No Aplica;55
182;Manuela;Mengual;Bueno;M;manuelamengual82;%ytk5,-6uvm{C=G;manuelamengual82@correo.es;11/11/1987;SI;81
183;Miguel aÅngel;Fernandez;Bravo;H;migue.fernandez;BM*E+?$aS6n8epG;migue.fernandez@correo.com;4/07/1962;No Aplica;53
184;Francisco;Carranza;Garces;H;franciscocarranza;f,#hBE$@zG+P3EZ;franciscocarranza@correo.net;27/11/1996;No Aplica;23
185;Josefa;Garcia;Garcia;M;josgarcia;SpMzDuyf?.J.rC#;josgarcia@mail.com;1/04/1991;NO;13
186;Dolores;Atienza;Ribeiro;M;dolatienza;"2$)L+!&;RDrUy-E";dolatienza@mail.es;24/05/1970;SI;39
187;Enrique;Guerrero;Barragan;H;guerrero17;S!eHJ_i)8-zQ4,k;guerrero17@mail.es;18/10/1937;No Aplica;54
188;Rosa Maria;Chica;Costa;M;roschica67;hb)!Q$N&6b?:TnG;roschica67@correo.es;21/08/1952;NO;9
189;Juan Jose;Campos;Garcia;H;j.campos;"MJ&TiF[;bLg@P,d";j.campos@email.net;30/11/1959;No Aplica;77
190;Francisco Javier;PiÒero;Tovar;H;frapiÒero;TJ9-&dFtaNC.L&-;frapiÒero@email.es;18/08/1977;No Aplica;45
191;Alejandro;Lastra;Mora;H;alejandrolastra100;8C839hy]bbBjTMU;alejandrolastra100@correo.net;15/11/1962;No Aplica;30
192;Inmaculada;Asensio;Moral;M;iasensio25;a2CrY)HN$7E&Zp];iasensio25@correo.net;4/03/1987;SI;72
193;Cristina;Cabrera;Barranco;M;cabrera66;jSew)VPuxpxWu&(;cabrera66@email.com;13/12/1962;SI;75
194;Mercedes;Diaz;Cantos;M;merdiaz;7:xEWdL=BDC@gja;merdiaz@email.net;18/01/1962;NO;81
195;Jose Luis;Garcia;Pereira;H;jos.garcia;"f)},HjmvG;K@j;g";jos.garcia@correo.es;27/02/2001;No Aplica;10
196;Francisco;Santiago;Navarro;H;santiago26;TJT7!$Tm@:g{RD2;santiago26@correo.es;14/04/1942;No Aplica;90
197;Antonio;Otero;Navas;H;ant.otero;4n{UXwpUzrV6y35;ant.otero@email.net;24/04/1957;No Aplica;14
198;Maria;Gonzalez;Ferreras;M;mgonzalez45;"..m-;=X(7CW#%.Q";mgonzalez45@correo.com;10/09/1943;NO;3
199;Juan Antonio;Garcia;Merino;H;garcia32;"ZP{!k8zZx=yaZ;Q";garcia32@mail.es;9/02/1989;No Aplica;15
200;Jorge;Abad;Garcia;H;jorgeabad;V#$FUV2NV(jv%BF;jorgeabad@mail.net;30/01/1950;No Aplica;34
201;aÅngel;Gonzalez;Conde;H;agonzalez;VqDh-quBt9ry]Ky;agonzalez@mail.es;27/11/1958;No Aplica;61
202;Marina;Casas;Amores;M;marcasas;mr@YCZ[KHwD4Q==;marcasas@correo.com;23/11/1971;SI;75
203;Beatriz;Catalan;Gonzalez;M;beacatalan;"T_7T4cP5-;HPPhT";beacatalan@email.com;23/05/1993;SI;45
204;Miguel;Marco;Pelaez;H;mig.marco;vq$+PpjArnDa3fT;mig.marco@correo.com;6/06/1953;No Aplica;46
205;Carmen;Fernandez;Tejedor;M;carfernandez;9Qc_rEM-eR7*u+*;carfernandez@correo.es;8/01/1948;NO;9
206;Enrique;Rodriguez;Mena;H;enrrodriguez;b?}u7&KS{RKLN$j;enrrodriguez@mail.com;9/09/1953;No Aplica;36
207;Juana;Cabrera;Sanchez;M;jua.cabrera;[$KL[t-6@r.55EX;jua.cabrera@mail.net;5/04/1971;SI;78
208;Pablo;Esteve;Galan;H;pabloesteve;,.h/-vQ@X*PMNL5;pabloesteve@mail.es;11/09/1988;No Aplica;73
209;Manuel;Carrion;Fernandez;H;manuelcarrion;"PHM3aG5m;5Wqr7?";manuelcarrion@email.com;17/08/1962;No Aplica;80
210;Alicia;Saez;Gomez;M;alisaez;]ub*Q8&]3wDC{M3;alisaez@mail.net;19/03/1935;NO;3
211;Isabel;Morales;Salgado;M;isabel.morales;"cF2/j2g.2;GR:%%";isabel.morales@email.es;14/09/1994;NO;4
212;Sergio;Moya;Moral;H;moya67;B8YMA[f_p5!4A+t;moya67@correo.net;19/03/1936;No Aplica;13
213;aÅngeles;Casado;Lopez;M;a.casado;6g!*z{Sxd-Xmx}x;a.casado@email.net;30/10/1948;NO;94
214;Jaume;Ferri;Moreno;H;jaumeferri;=U9N+i)u-twpdtA;jaumeferri@email.es;31/01/1947;No Aplica;17
215;Ana;Alarcon;Lujan;M;anaalarcon;mG*_(ApviPXtBST;anaalarcon@email.com;14/12/1996;NO;62
216;Rosa;Pons;Ramos;M;rpons;"p5BYM;meQY_UA&-";rpons@mail.es;9/07/1993;SI;47
217;Adrian;Rey;Quintanilla;H;adr.rey;,L+79uxYcF?aZSZ;adr.rey@correo.net;21/11/1968;No Aplica;71
218;Rosario;Ramirez;Lago;M;rosarioramirez;=:,g_[E]y?m8,)/;rosarioramirez@correo.com;12/07/1937;SI;30
219;Carmen;Martinez;Rodriguez;M;cmartinez;Pv_6fwnUERT%@B=;cmartinez@correo.net;5/06/1992;NO;83
220;Rosa Maria;Chamorro;Lago;M;roschamorro;"J_C;G:!jrupvv{M";roschamorro@correo.net;22/11/1959;SI;15
221;Maria;Cid;Gomez;M;marcid;%8%tqD8@cQnHTVK;marcid@mail.es;27/02/1985;SI;31
222;Manuel;CastaÒo;Diez;H;castaÒo2;2Qi86QpB})Mexr.;castaÒo2@correo.com;24/07/1979;No Aplica;47
223;Maria Dolores;Rosa;Garcia;M;m.rosa;a8AScMD7#a@dqBj;m.rosa@email.com;30/07/1943;NO;5
224;Marta;Garcia;Gonzalez;M;margarcia96;SeA)dvrgc4d@7ex;margarcia96@mail.net;6/07/1962;SI;50
225;Javier;Rico;Lopez;H;jrico;%gg?USP24,42Qyh;jrico@email.es;8/12/1982;No Aplica;23
226;Mohamed;Moreno;Rodriguez;H;mohamedmoreno47;%Q:-Jq=@r$*:R,!;mohamedmoreno47@mail.com;11/07/1944;No Aplica;34
227;Diego;Alfaro;Sanchez;H;alfaro21;inp+r4Zr[qa-$M7;alfaro21@email.net;8/04/1969;No Aplica;5
228;Ignacio;Hernandez;Aznar;H;hernandez7;Ti/=L,d?wC%V,Q/;hernandez7@correo.net;16/07/1954;No Aplica;76
229;Jose;Gutierrez;Fernandez;H;gutierrez88;G!Xh2}Tax9G2589;gutierrez88@mail.es;19/02/1982;No Aplica;90
230;Josefa;Garcia;Sanchez;M;josefagarcia;XdHD.=tPe@Zu6t=;josefagarcia@email.net;26/05/1963;SI;33
231;Maria Jose;Escalera;Fernandez;M;mariajesusescalera54;Q.ik4SZmb%:..Wt;mariajesusescalera54@email.com;26/11/1940;NO;30
232;Maria Isabel;Reyes;Garcia;M;marireyes;Dz%NHnFtM!9@*-/;marireyes@email.es;9/11/1961;SI;45
233;Maria Jose;Marin;Poza;M;m.marin;"QbJf:K;72JK]+Fp";m.marin@correo.net;30/11/1964;NO;76
234;Antonia;Lopez;Roman;M;antonialopez40;Ye!_Tm4j[]R6#j-;antonialopez40@mail.es;18/08/1952;NO;35
235;Jose Antonio;Ruiz;Iglesias;H;josruiz29;VEc4X/p6weQUDxT;josruiz29@mail.es;24/03/1960;No Aplica;83
236;Carlos;Perez;Varela;H;perez71;rHB5LqJ/,XL_cZk;perez71@mail.com;1/08/1954;No Aplica;95
237;Antonio;Benavent;Perez;H;abenavent;t/K#vVKuAr2-.d6;abenavent@mail.es;16/05/1936;No Aplica;62
238;Maria;Toledo;Gonzalez;M;mariatoledo;8cNiT*nvqk+Lat%;mariatoledo@mail.net;29/07/1964;SI;44
239;Pilar;Macias;Carmona;M;pilmacias;q5!p3AWAawM)C7_;pilmacias@email.es;21/12/1953;SI;52
240;Irene;Torres;Garcia;M;itorres;"ALY;}5]qKcCqE*/";itorres@correo.es;4/05/1961;NO;19
241;Francisco Javier;Martin;Ros;H;franciscojaviermartin18;.xH&F}?#%NZ8Jc9;franciscojaviermartin18@mail.net;8/07/1979;No Aplica;2
242;Miguel aÅngel;PeÒa;Rodriguez;H;migpeÒa;"F@$!f#tBM6gA2;z";migpeÒa@email.net;13/08/1956;No Aplica;93
243;Antonio;Parra;Hinojosa;H;antonioparra1;9)Q#@WK*GEJjDEp;antonioparra1@correo.es;16/02/1998;No Aplica;95
244;Carlos;De la Fuente;Lopez;H;d57;2vQ:th!W$_9k&9/;d57@mail.es;17/05/1997;No Aplica;26
245;Nuria;Salguero;Rodriguez;M;nuria.salguero;4_,Ar#H.5-@Hu[G;nuria.salguero@correo.com;16/11/1939;SI;63
246;Jose;Mansilla;Garcia;H;j.mansilla;UVzWY#9Qimt.@6/;j.mansilla@mail.es;24/02/1944;No Aplica;4
247;Amparo;Plata;Berrio;M;amp.plata;jifDu5@QjxS:+_u;amp.plata@correo.es;8/01/1969;SI;33
248;aÅngel;Alonso;MuÒoz;H;angel.alonso;,y4j&ttu{[QZ7SY;angel.alonso@mail.net;6/11/1940;No Aplica;96
249;Antonia;Salazar;Pascual;M;antsalazar71;$3[HHF&zdz3F78@;antsalazar71@correo.net;28/09/1975;NO;37
250;Antonio;Cervera;Jimenez;H;acervera89;u--wVvR9$NViQ/$;acervera89@correo.es;25/08/1947;No Aplica;11
251;Maria Teresa;Stoica;Lopez;M;mar.stoica;uZ)(S3c:?6wk3Ya;mar.stoica@email.com;12/10/1945;NO;46
252;Susana;Perez;Gonzalez;M;susana.perez;"*2]XB(MdveH6;j7";susana.perez@correo.net;2/03/1952;NO;34
253;Pablo;Cortes;Mora;H;pabcortes95;v.QD.dk/85h(%uR;pabcortes95@email.com;25/03/1981;No Aplica;82
254;Marta;YaÒez;Moya;M;martayaÒez;$fmW2N_aYnUQ}*F;martayaÒez@email.es;2/05/1980;NO;78
255;Maria;Mateos;Merino;M;mmateos;*3=E!qL(WhS6N!:;mmateos@mail.net;14/09/1941;SI;55
256;Teresa;Garcia;Rodriguez;M;garcia50;hQ&?(3cME(a=&Vr;garcia50@correo.com;22/11/1970;SI;75
257;Irene;AÅlvarez;Santana;M;irene.alvarez;bc2]T[evwU&8KhC;irene.alvarez@email.es;20/11/1991;NO;24
258;Francisco;Roman;Gonzalez;H;roman43;Qq:B$gY8Exy?/7B;roman43@email.com;23/12/1943;No Aplica;93
259;aÅngel;Garcia;Montero;H;garcia20;6VX3qg4u_hLTxJ,;garcia20@email.es;20/03/1976;No Aplica;7
260;Maria Carmen;Garcia;Serrano;M;mariacarmengarcia43;2%f]a&txw]pfY&.;mariacarmengarcia43@email.net;19/07/1985;SI;80
261;Amparo;Mejias;Alarcon;M;amejias;MhuG-wwL#&LJLY7;amejias@mail.com;17/04/1943;NO;24
262;Carmen;Martinez;Doval;M;car.martinez;"%R_[EGPj9ZBPD;A";car.martinez@email.es;24/02/1939;NO;36
263;Antonio;Calvo;OrdoÒez;H;acalvo;"R{m9yV-@;,dwVwh";acalvo@email.es;10/05/1989;No Aplica;75
264;Ana;Fernandez;Mas;M;fernandez61;"Weme[E8TBiy3a;m";fernandez61@correo.com;5/09/1985;NO;7
265;Daniel;Fernandez;Salazar;H;d.fernandez;_yVqe[bx[gN$A27;d.fernandez@email.es;25/10/1943;No Aplica;39
266;Jose Luis;Ortega;Herrera;H;jos.ortega;"(FN*Y{f_c[9[HA;";jos.ortega@email.net;27/03/1963;No Aplica;62
267;Monica;Carrasco;Escribano;M;monica.carrasco;yjz%u!,:SyG_i$H;monica.carrasco@correo.com;10/02/1968;NO;96
268;Jose Luis;Rosell;Gonzalez;H;jrosell;.MYwdpB6nG&8acZ;jrosell@mail.com;28/02/1965;No Aplica;71
269;Maria;AÅlvarez;Ramon;M;malvarez;Kjnk7y2:.pT/ekY;malvarez@email.es;5/10/1954;NO;40
270;Manuel;Fernandez;DueÒas;H;manuelfernandez5;fnqW*=97MPA&#qR;manuelfernandez5@mail.net;24/12/1992;No Aplica;88
271;Jose;Cabeza;Fernandez;H;jos.cabeza;";VRhwHzR4@v)m?w";jos.cabeza@email.com;10/04/1997;No Aplica;25
272;Pablo;Alonso;Rius;H;palonso65;#&q9eVb(PDKSvWx;palonso65@email.es;24/01/1947;No Aplica;14
273;Antonio;Pinto;Herrera;H;pinto87;Zy!DjQTPCeG@VXp;pinto87@email.com;4/09/1964;No Aplica;49
274;Beatriz;Perez;Hernandez;M;bperez87;"ZM[iU&=Pc;7EwGg";bperez87@mail.com;11/05/1986;NO;86
275;Antonio;Ruiz;Vicente;H;antruiz;AXEt4/$7H,Q:M&m;antruiz@email.es;3/07/2001;No Aplica;14
276;Juan Antonio;Lopez;Garcia;H;lopez67;"RKk%7xD6v;bwWr!";lopez67@mail.net;15/04/1994;No Aplica;71
277;Maria;Martin;Garcia;M;martin99;Y$9jY.{7:@#:Zpi;martin99@mail.com;23/04/1959;NO;31
278;Jose;Ortiz;Martinez;H;josortiz;"M]Btn+(V4CPkZ;G";josortiz@email.net;2/09/1977;No Aplica;41
279;Maria Magdalena;Llopis;Alba;M;mariamagdalena.llopis;+dx]qNR(ftidnpJ;mariamagdalena.llopis@email.com;15/04/1937;NO;87
280;aÅlvaro;Fernandez;Garcia;H;alvarofernandez;E3VF(rX7i,H@[y#;alvarofernandez@mail.net;14/06/1977;No Aplica;74
281;Rafael;Casal;Sanchez;H;rafael.casal;59f.:gw9(r#,v-E;rafael.casal@correo.net;26/07/1937;No Aplica;97
282;Laura;Sanchez;De la Torre;M;lau.sanchez;T+-bQXQ($v:V.++;lau.sanchez@correo.net;19/04/1949;SI;100
283;Maria Mar;Espinosa;Blanco;M;m.espinosa;CC+EJ4G)jGKB5fc;m.espinosa@correo.net;27/12/1980;NO;58
284;Javier;Mesa;Exposito;H;mesa38;BzHp{qR5Cx@8Z:z;mesa38@mail.com;21/11/1994;No Aplica;24
285;Jorge;De la Calle;Fernandez;H;jordelacalle55;"P#HLTY#-8=4D;iE";jordelacalle55@email.net;26/11/1959;No Aplica;42
286;Maria Jose;Fernandez;Cruz;M;mari.fernandez;._@kN9hFmA[%MpE;mari.fernandez@email.com;18/09/1968;SI;88
287;Alberto;Segovia;Fernandez;H;segovia57;u#qPWqxDt7a.]Fe;segovia57@email.net;15/11/1953;No Aplica;30
288;Maria;Manzano;Martin;M;manzano55;*_99e{3.xvr2Edk;manzano55@correo.es;2/06/1969;SI;24
289;Ana;Marquez;Ruiz;M;anamarquez;Qc*?muqN9iHbK)m;anamarquez@correo.es;15/02/1941;NO;37
290;Pedro;Moreno;Martin;H;pmoreno40;MX[q}[cb*eJt/=d;pmoreno40@mail.com;13/11/1951;No Aplica;18
291;Isabel;Martinez;Vidal;M;isamartinez;fcZgY,4E]nC]T=Q;isamartinez@email.com;21/06/1956;NO;38
292;Jose;Nieto;Sanchez;H;jesnieto89;Ee#DXx.!ZRt7jyL;jesnieto89@mail.com;8/10/1976;No Aplica;57
293;Maria Jose;Marti;Gonzalez;M;marmarti;Y*?_X}U7]e9(wTW;marmarti@email.com;12/09/1962;NO;34
294;David;Castellanos;Rubio;H;davidcastellanos;!yUNqD8Y)x3)u_};davidcastellanos@mail.com;6/02/1944;No Aplica;68
295;Jose;Bernabe;Del Hoyo;H;jose.bernabe;@8crU@VMMEj+k?t;jose.bernabe@correo.es;9/12/1939;No Aplica;52
296;Maria Dolores;Peiro;Perez;M;marpeiro;jc&n:(8EgQ]=MY5;marpeiro@correo.es;1/09/1945;NO;86
297;Pedro;Buendia;Aguilar;H;buendia96;fM&--AxydCq*8%d;buendia96@correo.es;20/02/1949;No Aplica;73
298;Javier;Lopez;Lopez;H;javierlopez;c!kM$8Wg/i7iDf);javierlopez@correo.com;15/03/1981;No Aplica;68
299;Maria;Lazaro;Marin;M;mar.lazaro;qgcG478dBV/+NJm;mar.lazaro@correo.com;13/08/1948;SI;62
300;Maria;Gallardo;Sanchez;M;mariagallardo24;";$RRtd;+x!=E,&L";mariagallardo24@email.net;16/06/1958;NO;11
301;Ruben;Cordoba;Benavides;H;rub.cordoba;z4TUdtSzn6N47TL;rub.cordoba@mail.com;28/03/1971;No Aplica;97
302;Manuel;Torres;Hernandez;H;mantorres16;kH$M-3!(N?8VGbU;mantorres16@correo.es;13/06/1935;No Aplica;66
303;Luis;Moreno;Martinez;H;luismoreno17;"9!gm/b?B;]/iV#t";luismoreno17@mail.es;17/08/1991;No Aplica;11
304;Raquel;Murillo;Ferreiro;M;murillo61;Ec{PiphYH{?pGx4;murillo61@mail.net;28/12/1988;NO;76
305;Maria Rosa;Acosta;MuÒoz;M;macosta;"Cjdf4]:*Pj?)h;6";macosta@email.es;13/06/1983;NO;23
306;Juana;Tomas;MuÒoz;M;juana.tomas;"*/;iUWj../v_HGT";juana.tomas@correo.es;14/01/1981;NO;64
307;Maria Pilar;Toledo;Ortega;M;mariapilartoledo;"(;;K%?5;FRAV9?k";mariapilartoledo@email.com;7/03/1995;SI;4
308;Manuel;Colomer;Castro;H;manuelcolomer74;"$BWtY!]=rLZ-;-R";manuelcolomer74@email.com;27/07/1984;No Aplica;54
309;Ramon;Murillo;Martinez;H;rmurillo;u?Y33M6yq8fEk-[;rmurillo@email.net;3/04/1969;No Aplica;38
310;Josep Maria;Pico;Fernandez;H;josepmariapico;2_}x.XeF4Dem6di;josepmariapico@correo.es;14/12/1984;No Aplica;78
311;Marina;Redondo;Macias;M;redondo45;"2.&mvE;Q8JD,5xj";redondo45@mail.com;5/07/1994;SI;63
312;Manuel;Marquez;Garcia;H;manmarquez;PB{g@%AU$iPZY9?;manmarquez@email.es;6/10/1947;No Aplica;52
313;Dolores;Arguello;Parejo;M;dol.arguello;"/SG!,R;#fqad[K9";dol.arguello@mail.com;8/10/1950;SI;63
314;Laura;Prieto;Clemente;M;lauraprieto;+yC6g]x5G2Y4g&4;lauraprieto@mail.net;2/09/1969;SI;31
315;Maria Teresa;Lopez;Redondo;M;marilopez47;7$ie.HV@$:k2wH_;marilopez47@email.com;20/11/1936;NO;22
316;Maria Dolores;Castejon;Bas;M;marcastejon;huMb5R*YEWidj7%;marcastejon@mail.net;27/01/1944;SI;8
317;Jorge;Domingo;Arenas;H;jordomingo;(.(3DRc?KVYzCAy;jordomingo@mail.net;16/08/1968;No Aplica;80
318;Fernando;Martinez;Perez;H;fermartinez;"wnZcJ9]xc;k&*T5";fermartinez@mail.es;25/11/1952;No Aplica;35
319;Eva;Villa;Rodriguez;M;evavilla;[,)Bvbeewg&z:}n;evavilla@email.net;19/07/1974;SI;61
320;Josep;Sanchez;Garcia;H;jossanchez;#qr=P]J]L[L$%5K;jossanchez@email.es;8/11/1974;No Aplica;25
321;Enrique;MuÒoz;Sanchez;H;enr.muÒoz;N4P)aq=Cj6Yq*.k;enr.muÒoz@email.net;20/06/1961;No Aplica;4
322;Maria Luisa;Camacho;Mena;M;marialuisacamacho;gwkY=QQ8zd$nWf3;marialuisacamacho@mail.es;10/07/1953;NO;48
323;Marta;Baz;Gomez;M;mbaz22;"awM86V-rtpw)DY;";mbaz22@correo.net;22/06/2001;SI;5
324;Francisco;Tamayo;Rodriguez;H;tamayo7;MA]%V(Qzu,Z]7,,;tamayo7@mail.com;1/07/1976;No Aplica;71
325;Joan;Sebastia;Martinez;H;jsebastia71;:N%{A+LFF8$Xn:[;jsebastia71@email.com;4/08/1961;No Aplica;9
326;Maria;Lara;Mellado;M;marialara;tcjB+fBXX7zKV{n;marialara@email.es;21/06/1946;SI;83
327;Ruben;Rodriguez;Palomo;H;rubenrodriguez91;%W[7?_t6!?4)-t%;rubenrodriguez91@correo.es;11/09/1961;No Aplica;99
328;Rosa;Garcia;Aznar;M;garcia91;CWz)B$SjDqU{y/R;garcia91@mail.net;30/10/1961;NO;57
329;Eva Maria;Serra;Mato;M;evaserra;cW=2RE}.TM9::k2;evaserra@correo.net;14/06/1949;SI;26
330;Enrique;Garcia;Dominguez;H;enrgarcia;u}-/:_@NgxzQuqY;enrgarcia@correo.net;11/07/1990;No Aplica;62
331;Julia;Santamaria;Perez;M;jsantamaria;%,!VFju4/@]9f)9;jsantamaria@correo.es;29/10/1982;SI;56
332;Susana;Campos;Mendoza;M;campos37;4*6E!Mbh!hb2+d=;campos37@mail.es;18/01/1985;NO;82
333;Maria Carmen;Marin;Gonzalez;M;marin17;&7%RHggK,F.N5@?;marin17@correo.net;20/11/1961;SI;82
334;Rocio;Ortega;Casanova;M;rortega;7f.Xk4_Hb9.cU=6;rortega@mail.es;23/10/1961;SI;72
335;Laura;Frutos;Alonso;M;frutos59;"{Wqi%B&k-4;Jb$E";frutos59@email.com;6/12/1993;NO;12
336;Maria Jose;Romero;Sanchez;M;mariromero;"5VJM)k;%=-uiwDP";mariromero@correo.es;14/02/1954;SI;49
337;aÅngeles;Gimeno;Lloret;M;angelesgimeno;Dz$qna,C!c{%:AB;angelesgimeno@email.com;23/09/2001;SI;100
338;Maria Carmen;Sanchez;Molina;M;marsanchez67;UVaEaJZRq7[U#rB;marsanchez67@mail.com;20/08/1960;NO;15
339;Santiago;Estevez;Vargas;H;santiagoestevez10;zHw9QE@eQfQQ+p,;santiagoestevez10@mail.net;1/02/1960;No Aplica;94
340;Fernando;Bilbao;Bas;H;bilbao58;g2Db$RH)&H_L*jZ;bilbao58@correo.net;9/08/1947;No Aplica;57
341;Francisca;Ballesteros;Ruiz;M;fballesteros;e*z(JLA]]tvk.kh;fballesteros@email.net;11/03/1936;NO;4
342;Dolores;Martinez;Arellano;M;d.martinez;uN&KEAHPf$GiwyC;d.martinez@mail.es;17/03/1978;SI;100
343;Jose Luis;Novo;Cuervo;H;josnovo;_WMQ76Q72:Mf-fx;josnovo@correo.com;23/09/1986;No Aplica;65
344;Pilar;Urbano;Lopez;M;pilarurbano;_WJU#r!dGYX5S5q;pilarurbano@mail.es;20/02/1963;NO;53
345;Ramon;Zamora;Llorente;H;rzamora5;";f{kR/m4,ttr)SX";rzamora5@mail.net;18/01/1939;No Aplica;30
346;Jose Manuel;Mateos;Guillen;H;josmateos;7M/!aC8:M/T4bM};josmateos@correo.com;20/04/1972;No Aplica;60
347;Juan;Rodriguez;Dominguez;H;juarodriguez;g[PA+)iKFe+kH,r;juarodriguez@mail.net;9/02/1966;No Aplica;55
348;Manuel;Canal;Leon;H;mancanal;"!;S+@,r4x)G%wLu";mancanal@email.com;27/02/1992;No Aplica;92
349;Juan;Duran;Pulido;H;jduran;y$Bhyr-aa)}CG,$;jduran@correo.net;10/01/1962;No Aplica;100
350;Isabel;Delgado;Carretero;M;isa.delgado;(&(vFW*=nMU!@qH;isa.delgado@correo.net;3/03/1940;SI;65
351;Monica;Notario;Quintana;M;mnotario67;$U--gM(#fy+QT[d;mnotario67@mail.net;3/12/1950;SI;87
352;BegoÒa;Hernandez;Mendez;M;hernandez18;Cyw%7W,ZeSt$q}S;hernandez18@correo.net;21/11/1967;SI;54
353;Francisca;Calvo;Fernandez;M;fracalvo;"3;CW$)SC$Z3Ez7G";fracalvo@correo.com;31/01/1945;NO;70
354;Marta;Marcos;Hernandez;M;martamarcos94;N4baUV8!#KRVcm{;martamarcos94@correo.com;10/07/1964;SI;87
355;Luis;Jordan;Moreno;H;luisjordan;"w*%v3!X!b;E+Hmk";luisjordan@correo.com;7/09/1958;No Aplica;54
356;Maria;Gonzalez;Carmona;M;mgonzalez83;-QB7=6%A+kjj{GT;mgonzalez83@mail.net;13/10/1977;NO;63
357;Isabel;Moreno;Suarez;M;isabelmoreno;]#HP5qq7WMZ@CHt;isabelmoreno@email.es;17/11/1935;NO;33
358;Sonia;Lopez;Salas;M;sonlopez86;"-MaB_(XqbLhZ;7v";sonlopez86@email.es;28/09/1938;SI;62
359;Jose;Bautista;Doblas;H;josbautista76;8zYEi9kW/_rrvaM;josbautista76@email.com;13/04/1957;No Aplica;36
360;Maria Carmen;Gregorio;Carbonell;M;gregorio5;yV!V:r:Jc2*afb?;gregorio5@correo.es;24/03/1958;SI;41
361;Montserrat;Marcos;Gutierrez;M;mmarcos29;w@FLz.25N[8AgX!;mmarcos29@mail.es;20/04/1985;SI;2
362;Javier;Ibarra;Rubio;H;javieribarra;+aMw2*dD5v/}8Q/;javieribarra@mail.es;27/03/1935;No Aplica;62
363;Maria Teresa;Baez;Higuera;M;mbaez;P*9jJFz&v@-WBN[;mbaez@email.es;3/10/1947;SI;55
364;Eduardo;Caballero;Lara;H;edu.caballero;H,[#+Pt#nKrLn)H;edu.caballero@mail.net;26/10/1951;No Aplica;34
365;Ana Isabel;Diez;Llop;M;andiez31;"8,.r7#@#:ji;*x5";andiez31@mail.com;5/09/1997;SI;100
366;Sergio;Diaz;Simon;H;sergiodiaz46;!FxG@aj{H-:k.wy;sergiodiaz46@correo.com;30/09/1936;No Aplica;12
367;Isabel;Valls;Corbacho;M;valls41;)AXkRK]tRuxA*rp;valls41@mail.net;17/12/1993;NO;90
368;Isabel;Fernandez;Amador;M;isabelfernandez80;uhdYMnXHSH[jcTZ;isabelfernandez80@mail.com;29/10/1947;NO;41
369;Fernando;Mateos;Quintero;H;f.mateos;]}H4U?n&!pHH5N7;f.mateos@email.es;3/01/1948;No Aplica;80
370;Silvia;Mendez;Gonzalez;M;silviamendez;]w}c+YZmdX{FZ_g;silviamendez@mail.net;2/05/1992;SI;15
371;Jose Luis;MiÒana;Hernandez;H;jos.miÒana;r@.a.DEJw*p-G!J;jos.miÒana@mail.com;6/10/1984;No Aplica;94
372;Inmaculada;Gonzalez;Cano;M;inmaculadagonzalez;K*BmikHY+e_@}Mx;inmaculadagonzalez@mail.net;13/11/1976;NO;84
373;Lucia;Aguilar;Gutierrez;M;laguilar;ecCkEvdWr-2@Pp[;laguilar@mail.com;6/06/1947;NO;31
374;aÅlvaro;Rodriguez;Molina;H;rodriguez78;"dzBC$uh.ba)z)p;";rodriguez78@correo.net;23/02/1982;No Aplica;47
375;Jose Luis;Saez;Soto;H;j.saez;[kPRQ-a=rm]ABPq;j.saez@correo.com;6/03/1974;No Aplica;55
376;Rafael;Da Costa;Sanchez;H;d17;c%%nW9A[yn!V.-H;d17@correo.com;27/10/1953;No Aplica;13
377;Concepcion;Garcia;Matas;M;garcia11;k4hdK.9f@g7Pfp6;garcia11@correo.es;28/11/1958;NO;22
378;Maria Luisa;Montes;Rojas;M;mmontes72;"5_Xq(Eang[:;XBA";mmontes72@email.net;31/10/1939;NO;3
379;Francisca;Perez;Barrera;M;fraperez;#øNOMBRE?;fraperez@mail.com;23/08/1981;SI;37
380;Maria Carmen;Ros;Vicens;M;mariros;bu5}d=Kt:GA:yH4;mariros@mail.es;8/01/1967;NO;94
381;Manuel;Pastor;Delgado;H;manuelpastor;"HaYw_;#6!X+V#8J";manuelpastor@correo.net;22/12/1993;No Aplica;7
382;Maria Teresa;Luque;Enriquez;M;marluque;4/##-N./2W7ny?T;marluque@mail.es;7/03/1946;NO;46
383;Jose;Porras;Toscano;H;jesus.porras;A.=:*_&at??K/n#;jesus.porras@mail.es;19/11/1941;No Aplica;68
384;Jose;Cabello;Alfonso;H;j.cabello;"ATS=J24.D{L]E;y";j.cabello@correo.es;19/07/1945;No Aplica;43
385;aÅngela;AÅlvarez;Fernandez;M;angalvarez;&vpH..56J8}maM3;angalvarez@mail.net;6/02/1942;NO;8
386;Jose;Duran;Diz;H;jose.duran;#Dj]xLD#Z()*quU;jose.duran@email.net;7/01/1973;No Aplica;26
387;Pedro;Suarez;Moran;H;pedrosuarez;TraR#2G3UBjz*EW;pedrosuarez@email.net;10/11/1937;No Aplica;22
388;Josefa;Vidal;Portillo;M;josefa.vidal;ccHZ,2%L*SGwzw];josefa.vidal@mail.net;20/07/1956;SI;60
389;Manuela;Diaz;Lopez;M;mandiaz;[mn._5wu]6[uNRB;mandiaz@email.es;4/02/1971;NO;35
390;Javier;Madrid;Arroyo;H;jav.madrid;2bWZR=xHf],*KnC;jav.madrid@correo.net;4/01/1966;No Aplica;37
391;Jose;Martinez;Lorente;H;josemartinez100;?-:aRxSfUU8y:(*;josemartinez100@mail.es;9/02/1941;No Aplica;65
392;Enrique;Merino;Hernandez;H;e.merino;J&**hT55jLmxEBe;e.merino@mail.com;14/01/1937;No Aplica;34
393;Yolanda;Acero;Na∫Òez;M;acero75;%dmx[G5+b//DahZ;acero75@mail.com;7/03/1963;SI;27
394;Laura;Pereira;Pascual;M;pereira33;)AT8?pDi5:F?abb;pereira33@email.com;19/02/1965;NO;92
395;Roberto;Benitez;Torres;H;robbenitez40;"c)iZ){K=X/_L?D;";robbenitez40@mail.net;11/10/1979;No Aplica;27
396;Salvador;Jordan;Rodriguez;H;saljordan;qY9@byM&PuFTyja;saljordan@email.es;17/08/1941;No Aplica;22
397;Manuela;Rojo;Guillen;M;manuelarojo64;"LMa#q4ed?;YBH+-";manuelarojo64@mail.com;5/01/1982;SI;23
398;Rocio;Fernandez;Rodriguez;M;rociofernandez;G)@+gVD6wg$niSR;rociofernandez@mail.com;27/01/1989;NO;79
399;Francisco;Recuero;De las Heras;H;franciscorecuero;"6J?hu?2tG=i;nLM";franciscorecuero@mail.net;14/09/1939;No Aplica;2
400;aÅngel;Arango;Alsina;H;angel.arango;.$y)bu(b!2Z2?T9;angel.arango@email.es;17/05/1951;No Aplica;3
401;Francisca;Conde;Gonzalez;M;fraconde;i25=]G5]TrXLFfi;fraconde@mail.net;9/12/1959;SI;16
402;Cristina;Benavente;Montes;M;benavente39;N+_V?nZV69]pZtX;benavente39@correo.net;11/05/1955;SI;28
403;Jose;Lopez;Ventura;H;lopez26;,qw%&[N4p(n#S.];lopez26@mail.es;3/01/1944;No Aplica;23
404;Javier;Cortes;Jimenez;H;cortes76;_EWCY+WWcTGeabY;cortes76@correo.com;4/04/1956;No Aplica;27
405;Jose;Mayo;Hernandez;H;may-74;"7e8v$JvSH67F45;";mayo74@mail.com;22/08/1956;No Aplica;76
406;Josefa;Parada;Nieves;M;jparada26;:$8i-HD$tCe[S[(;jparada26@correo.net;26/01/1976;SI;41
407;Antonio;BaÒos;Rodriguez;H;antoniobaÒos36;";hCa&52?(t+Ei4T";antoniobaÒos36@email.es;27/05/1995;No Aplica;24
408;Jaime;Jimenez;Martin;H;jimenez37;HCD_!Bq@%R[7]=P;jimenez37@correo.com;7/11/1997;No Aplica;18
409;Pablo;Sanchez;Arrieta;H;psanchez;"A;=Nxmnz(fgRr[b";psanchez@email.com;16/05/1961;No Aplica;57
410;Dolores;Egea;Macho;M;dolegea22;c_N=]AbG#w3]W9v;dolegea22@correo.net;24/01/1950;SI;79
411;Salvador;Alonso;Perez;H;sal.alonso;jvwM=bk4]?z@LjZ;sal.alonso@email.net;21/06/1998;No Aplica;36
412;Maria Teresa;Garcia;Martin;M;margarcia;";%V=(}K]k]DZXJp";margarcia@correo.com;8/07/1962;NO;58
413;Maria Carmen;Lopez;Jurado;M;mlopez32;X_%aiZeYiD!P]jB;mlopez32@email.com;17/11/1996;SI;13
414;Ana Maria;Ortiz;Sanchez;M;anortiz;$J4Xq-BwffX7n8Z;anortiz@correo.es;2/11/1992;NO;19
415;Juana;Fernandez;Lozano;M;juafernandez52;S$3eyH@{rc57M{S;juafernandez52@mail.com;4/12/1977;NO;46
416;Javier;Garcia;Alcaraz;H;javgarcia92;Qi4WNVqA=Ta=86_;javgarcia92@email.com;13/04/1969;No Aplica;13
417;Susana;Otero;Riveiro;M;sus.otero;ev65_vLM-zrk2Le;sus.otero@mail.es;2/04/1995;SI;69
418;Aitor;Serrano;Blanco;H;ait.serrano;c{9y{:AU,E[z87#;ait.serrano@mail.es;23/10/1961;No Aplica;40
419;Carlos;Pinedo;Abella;H;cpinedo;"i8z43Z)B;e_aMTT";cpinedo@mail.net;25/01/1966;No Aplica;98
420;Marta;Garcia;Ojeda;M;mgarcia6;}GZkyjXa3CuQ573;mgarcia6@mail.com;8/07/1987;NO;41
421;Cristina;Moreno;Santana;M;cmoreno36;yZMCh4*E_S)%hmR;cmoreno36@correo.es;30/10/1957;NO;92
422;Francisca;Coll;Blanco;M;fra.coll;=.xK]jzYH&UGeA!;fra.coll@mail.es;10/10/1952;NO;13
423;Jorge;Miguez;Bueno;H;jorge.miguez;p(ti*p9,(:(?3Zr;jorge.miguez@email.es;16/09/1992;No Aplica;61
424;Santiago;Quiros;Vivas;H;squiros;NKF8,WFw(tXGAt$;squiros@email.com;6/11/1937;No Aplica;10
425;Lucia;Gracia;Caballero;M;gracia70;aQfi6h-B[?FT/JJ;gracia70@email.com;2/07/1980;NO;59
426;Alberto;Montoro;Carmona;H;montoro7;_RVG6R:w4}Ua49?;montoro7@email.net;13/08/1948;No Aplica;25
427;Ana;Boix;Mesa;M;ana.boix;"apyX;UQJi{v4cH,";ana.boix@email.com;10/10/1981;NO;17
428;Cristina;Prado;Catalan;M;prado15;C3(5(@U6t+Yfa@+;prado15@mail.es;22/04/1955;NO;25
429;Maria Dolores;Martinez;Rodriguez;M;mariadolores.martinez;uFG+5m#!.rVHY$!;mariadolores.martinez@email.net;5/10/1961;SI;20
430;Ramon;Fernandez;Garmendia;H;rfernandez;"A#}i;)(zDXH)(=[";rfernandez@mail.com;13/04/1981;No Aplica;29
431;Jose;Andres;Rodriguez;H;jandres;-%9UM7rK%}!-Vpj;jandres@email.es;22/02/1935;No Aplica;58
432;Yolanda;Sanchez;Na∫Òez;M;yolsanchez;)RK?gc6x:[8=MpP;yolsanchez@mail.es;18/11/1986;SI;57
433;Laura;Lopez;Martinez;M;lauralopez;fkS@_.Ur4/w]{[m;lauralopez@email.com;23/09/1945;SI;96
434;Maria aÅngeles;Guerrero;Fernandez;M;mariaangelesguerrero8;/fCM/)*?S4tA/9D;mariaangelesguerrero8@correo.net;29/11/2001;NO;39
435;Ana Maria;Sanz;Recio;M;anasanz77;";,W5*T=zYyXd6+U";anasanz77@correo.es;27/11/1941;SI;48
436;Maria;Calero;Bernal;M;marcalero;NBrDbPG6[3gq$hW;marcalero@mail.es;23/03/1971;NO;100
437;Diego;Rodriguez;Sanz;H;drodriguez;#EM3xBt5R$vVT7Y;drodriguez@mail.com;18/12/1991;No Aplica;86
438;Teresa;Luque;Maza;M;tluque;";-m]yZRbM)(HB_{";tluque@mail.com;14/06/1940;SI;59
439;Laura;Pereira;Gomez;M;pereira53;:E+:$5Bkrh68JSu;pereira53@correo.es;25/11/1980;NO;40
440;Antonio;Salvador;Rodriguez;H;salvador97;e}p+3LThRiFMvT4;salvador97@correo.net;20/12/1992;No Aplica;81
441;Ana;Fernandez;Moral;M;anafernandez;fw[Zf}Vd$S.xaHX;anafernandez@email.es;11/12/1980;NO;70
442;Ana;AÅlvarez;Campo;M;anaalvarez;"g;f(fV2Z=piFEvW";anaalvarez@correo.com;14/11/1950;NO;93
443;Juana;Navarro;Gutierrez;M;juanavarro;kzECe2V}g_2PJL(;juanavarro@mail.net;27/04/1986;NO;80
444;Josefa;Rodriguez;Fernandez;M;josefa.rodriguez;e-$jd@[t]:h[$/g;josefa.rodriguez@mail.com;6/04/1971;NO;12
445;Elena;Rodriguez;Fernandez;M;elerodriguez;&H_TAKq(SUDeQwG;elerodriguez@correo.es;18/01/1981;NO;20
446;Antonia;Blanco;Ayuso;M;antonia.blanco;ytUEY!e.XTC9N[4;antonia.blanco@mail.com;27/09/1968;NO;34
447;Unai;Jurado;Rivera;H;unai.jurado;:TPbQ?79zTf-9_B;unai.jurado@email.com;22/02/1964;No Aplica;70
448;Pablo;Gutierrez;Camarasa;H;pgutierrez;)N)g&a-ij,{vvyB;pgutierrez@correo.es;2/10/1937;No Aplica;46
449;Luis;Roldan;Martin;H;lroldan95;"vWqcQCV;9P!+rHp";lroldan95@email.com;1/06/1988;No Aplica;70
450;Juan Jose;Martin;Fernandez;H;juamartin;]9t[k?Qnptyy$=6;juamartin@correo.net;13/01/1982;No Aplica;22
451;Jose;Albaladejo;Ferrando;H;josalbaladejo;X,)9/x3g/uk6G4m;josalbaladejo@mail.es;28/04/1959;No Aplica;84
452;Antonio;Arrebola;Bermejo;H;arrebola69;_)Saz$S$ZNvyuv6;arrebola69@email.net;31/10/1941;No Aplica;19
453;Alicia;Berlanga;Diaz;M;alicia.berlanga;Ln4vmm3zEJbVh&Q;alicia.berlanga@correo.com;24/01/1952;SI;83
454;Carlos;Ariza;Martinez;H;carlos.ariza;Ci?}7A6Mukm4d2a;carlos.ariza@email.es;23/06/1997;No Aplica;49
455;Jose;Martinez;Torres;H;josemartinez35;Z8mV?96/q%bmX=P;josemartinez35@email.com;27/12/1970;No Aplica;10
456;Maria;Sanz;Ortega;M;mariasanz23;"}g/;uJH7)C!c{L{";mariasanz23@mail.com;22/06/1968;SI;84
457;Antonia;Diez;Ruiz;M;antoniadiez;@QuCRA/:.umL9tZ;antoniadiez@correo.es;29/08/1957;NO;60
458;Maria Pilar;Perez;aÅlvarez;M;mperez;F{[%wR%#!k/t3*[;mperez@email.com;2/10/1950;SI;84
459;Manuel;Olivera;Catalan;H;molivera;NF-V_BQK52hL7z:;molivera@mail.com;15/10/1945;No Aplica;43
460;aÅngel;Santana;Pitarch;H;asantana;UXPC%fyF{$eL&Tj;asantana@correo.net;6/08/1993;No Aplica;53
461;Manuel;Saavedra;Ortega;H;manuelsaavedra61;?a_cxe)XUPq8gzR;manuelsaavedra61@mail.net;17/07/1979;No Aplica;16
462;Miguel;Ivanova;Hurtado;H;ivanova85;BWGEAcjFA7]%Jp2;ivanova85@email.com;25/08/1959;No Aplica;80
463;Maria Dolores;Gonzalez;Verde;M;gonzalez11;GmU@,kk:-GUD}Z_;gonzalez11@mail.es;28/02/1944;NO;47
464;Rocio;Del Valle;Ribera;M;r.de;[C%v$cq,/k&2*:r;r.de@mail.net;25/02/1985;SI;73
465;Carlos;Carrasco;Da Silva;H;carloscarrasco;$ZAX/d&-=!9@?MQ;carloscarrasco@email.net;26/08/1980;No Aplica;53
466;Juan Carlos;Galindo;Santana;H;juagalindo;P,u[2PyrjNM_:_9;juagalindo@correo.net;13/12/2001;No Aplica;35
